poloha,x_px,y_px,demonstraci_do_60px_z_120ep,demonstraci_do_60px_z_prvnich_60ep,orch120_radek,orch120_run,orch120_usudek,orch120_uchopu,orch120_replanu,orch120_doba_s,orch60_radek,orch60_run,orch60_usudek,orch60_uchopu,orch60_replanu,orch60_doba_s,orch60_poznamka,baseline_radek,baseline_soubor,baseline_usudek,baseline_doba_s,baseline_prirazeni,baseline_odhad_x_px,baseline_odhad_y_px
1,261,225,17,11,5,20260926-164147,ANO,3,2,258.8,27,20260926-212145,ANO,4,3,275.0,,5,20260926-184956,ANO,18.5,jisté,261,217
2,188,225,18,11,6,20260926-164738,ANO,3,4,321.5,28,20260926-212754,NE,5,5,459.5,,6,20260926-185206,NE,38.6,jisté,196,224
3,310,325,13,7,7,20260926-165409,ANO,3,3,316.7,29,20260926-213634,ANO,2,1,135.4,,7,20260926-185318,NE,26.5,jisté,284,338
4,256,322,16,12,8,20260926-170037,ANO,6,5,496.3,30,20260926-213929,NE,6,5,437.4,,9,20260926-185704,ANO,23.3,jisté,225,335
5,195,307,23,15,9,20260926-171015,ANO,1,0,69.5,35,,ANO,,,,bez záznamu běhu (jen úsudek uživatele),11,20260926-190024,NE,40,nejisté (blok poloh 5-9),182,270
6,260,390,10,5,10,20260926-171213,ANO,1,0,54.5,31,20260926-214823,NE,6,5,442.4,,12,20260926-190215,NE,25.4,nejisté (blok poloh 5-9),148,350
7,188,395,11,4,11,20260926-171340,NE,6,5,478.7,32,20260926-215721,NE,5,5,409.8,,13,20260926-190328,NE,13.8,nejisté (blok poloh 5-9),194,344
8,107,389,4,0,12,20260926-172233,NE,5,4,407.0,33,20260926-220442,NE,2,2,219.0,,14,20260926-190437,ANO,16.9,nejisté (blok poloh 5-9),156,322
9,145,342,14,5,13,20260926-173124,ANO,3,3,266.2,34,20260926-220934,NE,5,4,422.4,,15,20260926-190546,NE,30.8,nejisté (blok poloh 5-9),148,294
10,309,123,16,9,14,20260926-173645,NE,4,5,343.1,36,20260926-221749,ANO,1,0,54.9,doba upravena: 46.6 s skutečných + 8.3 s průměrný homing; běh skončil pádem démona před homingem,16,20260926-190737,NE,27.2,jisté,306,95
11,255,133,23,17,15,20260926-174349,ANO,2,1,140.4,37,20260926-223157,ANO,1,0,56.5,,17,20260926-190910,ANO,17.2,jisté,250,118
12,256,62,17,10,16,20260926-174723,NE,1,0,83.6,39,20260926-224235,ANO,1,0,64.9,,18,20260926-191013,ANO,30,jisté,271,73
13,186,63,8,4,17,20260926-175015,NE,1,0,81.1,40,20260926-224404,NE,2,2,195.2,,19,20260926-191132,NE,18.5,jisté,182,127
14,188,153,19,10,18,20260926-175216,ANO,1,0,66.2,38,20260926-223329,ANO,3,2,227.9,,20,20260926-191257,ANO,49.5,jisté,197,71
15,150,107,13,6,19,20260926-175353,ANO,2,1,131.0,41,20260926-224808,ANO,2,1,164.2,,21,20260926-191504,NE,21.2,jisté,142,104
16,101,67,5,1,20,20260926-180139,ANO,1,0,60.9,42,20260926-225113,NE,6,5,417.0,,22,20260926-191623,ANO,15.5,jisté,123,86
