epizoda,kostka_x_px,kostka_y_px,pan_deg,shoulder_lift_deg,elbow_flex_deg,wrist_flex_deg,wrist_roll_deg
0,213.5,145.2,-24.7,2.9,27.9,51.4,-42.8
1,241.8,280.6,9.9,15.1,8.5,63.1,-6.9
2,251.7,307.0,20.0,35.5,-19.3,82.6,17.1
3,228.4,226.8,-1.3,9.1,21.0,63.5,32.4
4,177.9,302.5,32.5,5.1,28.9,72.3,87.3
5,170.6,142.7,-33.1,10.3,24.7,67.2,-10.8
6,264.9,92.6,-29.6,37.6,-21.3,66.5,5.0
7,240.3,215.7,-4.3,24.4,-3.4,73.6,-26.2
8,154.2,350.0,47.8,12.9,15.8,84.8,54.4
9,144.4,91.7,-55.7,-9.8,42.9,48.9,-29.4
10,258.5,80.0,-32.3,31.0,-9.5,53.1,-17.5
11,269.6,367.5,16.3,27.4,3.3,36.3,-32.8
12,138.6,231.2,23.3,-17.4,48.4,84.5,61.8
13,191.0,135.5,-33.5,12.1,14.4,81.7,7.0
14,178.4,309.6,23.3,13.5,15.7,76.3,-52.7
15,228.9,134.4,-26.2,10.5,24.2,41.7,-39.0
16,252.0,315.0,14.5,30.7,-4.0,56.8,-43.2
17,216.3,176.1,-16.0,20.5,2.0,84.7,-2.3
18,220.1,271.9,8.7,10.9,16.3,66.0,-37.3
19,188.8,177.8,-17.8,-14.7,52.3,44.2,-24.3
20,236.2,309.8,22.6,27.4,-8.1,71.3,-2.8
21,352.5,336.2,20.2,64.8,-59.4,55.6,-16.9
22,274.3,118.0,-18.0,39.8,-22.4,62.2,-38.7
23,235.2,258.1,8.9,17.7,12.4,55.5,-34.9
24,212.3,262.3,10.4,25.3,0.2,82.3,9.5
25,170.4,128.1,-33.5,11.1,21.6,70.1,-2.3
26,192.8,217.9,-1.8,12.7,18.9,78.2,25.3
27,246.5,378.9,29.5,28.9,-3.4,45.5,-40.9
28,235.7,271.7,8.9,25.0,-0.8,75.2,-11.8
29,230.4,87.1,-27.6,21.2,11.0,47.6,-36.5
30,207.5,372.4,32.0,14.4,16.6,47.5,-42.8
31,287.9,278.8,12.1,33.9,-10.2,54.9,-17.2
32,221.5,78.0,-34.3,24.0,3.1,57.2,-34.2
33,204.7,320.4,23.3,-3.6,50.6,23.3,-28.4
34,278.1,138.2,-17.4,24.1,5.7,38.5,-45.2
35,279.7,378.0,26.8,39.1,-17.0,43.8,-40.7
36,208.6,253.1,11.6,-6.7,42.3,47.5,14.6
37,260.8,182.9,-9.1,16.5,13.8,46.6,-34.1
38,294.5,103.4,-20.4,46.3,-30.1,59.5,-3.0
39,181.3,95.2,-36.8,16.2,13.8,63.6,-33.9
40,248.4,75.4,-33.2,30.6,1.1,34.6,-45.1
41,309.4,76.0,-24.0,41.6,-14.0,29.5,-32.2
42,270.6,121.6,-20.3,26.3,3.6,45.0,-35.3
43,258.6,173.7,-10.6,18.9,11.6,47.0,-39.1
44,261.0,257.7,8.4,24.4,4.1,54.0,-17.1
45,211.9,268.7,9.9,18.9,5.1,85.4,-7.9
46,209.3,136.6,-23.5,15.5,10.9,63.7,-25.8
47,320.9,383.3,24.4,43.1,-13.1,21.2,-26.9
48,176.5,372.9,46.2,18.9,9.4,62.2,-17.8
49,210.8,296.8,19.9,3.3,33.8,48.9,0.8
50,264.8,227.2,1.1,21.4,7.0,52.0,-33.9
51,255.6,121.1,-22.6,23.4,1.7,51.3,-49.9
52,203.0,290.7,17.9,-11.4,50.6,35.0,-30.9
53,187.1,373.4,38.1,17.2,16.0,51.5,-28.6
54,280.1,340.5,23.5,29.2,12.1,15.9,-17.5
55,299.8,67.5,-26.9,40.0,-11.2,28.7,-24.7
56,200.3,127.9,-30.1,7.4,22.2,63.0,-32.0
57,304.4,290.9,13.8,30.4,-4.3,41.7,-8.8
58,312.6,144.2,-12.5,44.1,-28.5,51.3,-42.8
59,269.6,222.7,-1.5,22.4,4.8,51.0,-27.6
60,127.5,388.7,57.1,4.7,31.9,50.0,-40.4
61,174.5,392.8,46.0,14.3,18.3,42.3,-51.4
62,217.8,395.6,39.2,20.9,14.6,29.8,-74.9
63,244.1,397.0,36.5,24.8,9.7,19.1,-75.7
64,284.8,396.9,26.5,54.4,-50.6,68.6,-26.1
65,340.6,398.0,24.6,56.3,-30.5,12.7,-25.9
66,333.9,319.5,13.8,45.1,-7.4,14.2,-25.6
67,318.0,312.9,12.7,32.0,4.8,12.3,-43.7
68,283.3,260.4,7.5,47.8,-39.6,81.3,-4.3
69,274.1,222.9,-1.0,32.0,-9.8,59.4,-38.1
70,286.1,170.0,-14.7,39.2,-15.2,43.3,-52.4
71,338.6,121.0,-17.5,49.0,-19.6,15.9,-43.2
72,353.5,85.9,-20.0,65.3,-46.1,25.1,-35.9
73,318.8,49.0,-30.5,64.3,-51.7,37.2,-54.2
74,286.6,49.3,-30.9,45.8,-25.5,44.2,-31.7
75,247.7,55.7,-35.1,59.0,-59.4,93.5,15.1
76,219.8,58.7,-40.2,51.6,-47.2,98.3,7.6
77,168.6,65.6,-47.3,41.5,-27.6,90.4,4.0
78,141.6,67.6,-53.1,25.6,-0.6,79.9,1.5
79,87.8,69.0,-72.9,-5.2,39.7,55.8,-22.5
80,104.1,388.9,62.6,-5.0,41.5,43.5,-47.1
81,143.9,392.3,50.0,13.8,19.3,55.0,-50.7
82,129.6,90.8,-54.1,-5.7,41.9,56.3,-10.2
83,137.3,365.8,46.9,-13.0,47.7,37.8,-56.0
84,151.2,115.9,-42.6,-2.9,36.2,59.2,-49.9
85,150.1,316.7,34.9,-41.5,71.8,41.2,-37.9
86,167.4,161.2,-26.9,2.7,33.6,66.3,-41.0
87,159.8,272.9,11.5,-46.3,80.8,38.3,-41.1
88,149.4,219.6,-8.8,5.8,30.9,84.7,-45.5
89,188.5,142.1,-27.6,20.6,4.2,91.3,20.0
90,190.2,305.9,31.6,-16.4,51.0,54.0,4.2
91,222.8,293.8,15.8,34.6,-11.0,77.3,-42.9
92,244.9,163.5,-16.6,48.7,-26.6,76.9,-65.7
93,222.4,398.1,35.6,36.0,-13.3,49.4,-86.5
94,318.7,348.1,17.5,45.3,-28.4,43.6,-34.9
95,340.2,332.3,18.5,61.2,-56.4,54.3,-31.3
96,358.2,69.9,-21.3,69.5,-57.0,38.1,-37.8
97,355.7,117.2,-15.0,53.1,-31.9,29.5,-51.9
98,186.9,204.1,-7.5,17.5,11.6,86.3,-18.3
99,240.2,202.5,-6.8,42.8,-31.1,97.2,-1.8
100,119.5,321.3,48.0,-85.6,94.7,55.7,-9.2
101,263.3,111.5,-22.8,44.9,-34.9,70.7,-64.3
102,119.4,78.0,-55.3,11.2,20.2,70.7,-48.4
103,150.7,331.7,39.1,11.9,18.8,78.7,-16.0
104,261.2,166.0,-12.6,35.7,-18.6,71.0,-50.7
105,204.1,180.8,-13.5,29.4,-7.1,94.4,-25.9
106,179.3,358.0,38.7,15.7,21.8,45.0,-67.7
107,201.0,65.5,-43.5,21.9,5.7,53.5,-60.4
108,279.2,275.8,11.6,50.5,-51.1,97.5,17.7
109,283.3,97.8,-22.0,43.4,-25.4,54.7,-38.6
110,270.1,227.3,-2.2,29.6,-4.0,45.6,-76.9
111,184.4,176.3,-16.0,7.3,24.1,69.1,-45.4
112,153.8,275.7,19.1,11.2,20.7,89.0,-8.7
113,186.1,190.4,-13.9,3.3,32.9,60.8,-44.1
114,258.5,394.3,36.9,30.8,-2.9,34.8,-76.5
115,268.0,57.0,-30.4,50.0,-40.6,68.6,-28.7
116,331.4,102.5,-18.9,62.5,-56.6,51.1,-78.5
117,290.6,322.7,20.3,45.7,-31.2,59.7,-39.4
118,222.9,120.4,-23.3,40.6,-27.9,97.2,19.9
119,226.6,333.5,28.3,46.1,-35.6,93.7,-21.3
